part_file,normal_x,normal_y,normal_z,plane_offset_mm,patch_area_mm2,n_triangles,bbox_u_mm,bbox_v_mm,fill_ratio,largest_inscribed_square_mm,square1_cx_mm,square1_cy_mm,square1_cz_mm,second_square_mm,square2_cx_mm,square2_cy_mm,square2_cz_mm,pair_baseline_mm,centroid_x_mm,centroid_y_mm,centroid_z_mm
Alt_Kasa.stl,0.0001,-1.0000,-0.0000,59.81,10114.3,1698,69.80,145.20,0.998,63.20,-37.27,-59.81,38.80,51.60,-115.47,-59.82,33.40,78.39,-66.05,-59.81,34.40
Alt_Kasa.stl,0.0001,1.0000,-0.0000,59.81,10114.3,1698,69.80,145.20,0.998,62.80,-27.07,59.81,38.40,62.00,-110.27,59.82,38.80,83.20,-70.15,59.81,34.32
Alt_Kasa.stl,0.0001,-1.0000,-0.0000,-57.00,9594.0,114,67.10,144.99,0.986,61.20,-101.14,56.99,30.60,52.80,-22.14,57.00,34.00,79.07,-63.18,57.00,21.67
Alt_Kasa.stl,0.0001,1.0000,-0.0000,-57.00,9594.0,114,67.10,144.99,0.986,61.20,-101.14,-56.99,36.50,52.80,-22.14,-57.00,33.50,79.06,-52.74,-57.00,19.95
Alt_Kasa.stl,-1.0000,0.0000,0.0000,150.00,6552.3,24,69.80,101.74,0.923,50.00,-150.00,-0.13,44.80,9.60,-150.00,46.07,65.00,50.42,-150.00,-1.27,23.14
Alt_Kasa.stl,1.0000,0.0000,0.0000,-147.00,6248.7,24,67.00,101.46,0.919,47.20,-147.00,1.13,44.00,13.20,-147.00,-44.67,27.00,48.85,-147.00,-1.27,22.56
Alt_Kasa.stl,-0.0000,0.0000,1.0000,70.00,9816.7,755,119.60,209.60,0.392,24.80,-54.60,-47.40,70.00,18.00,-44.40,51.20,70.00,99.13,-65.23,2.05,70.00
Alt_Kasa.stl,0.0000,0.0000,-1.0000,-67.04,7758.2,898,114.00,204.00,0.334,20.00,-57.00,-47.40,67.04,12.80,-46.60,50.60,67.04,98.55,-60.49,2.07,67.04
Alt_Kasa.stl,1.0000,0.0000,0.0000,59.91,756.1,10,69.80,10.82,1.001,11.20,59.91,-0.19,5.60,11.20,59.91,-0.19,20.40,14.80,59.91,0.00,34.90
Alt_Kasa.stl,0.4026,-0.9154,0.0000,59.91,756.1,10,69.80,10.82,1.001,11.20,24.00,-54.90,5.60,11.20,24.00,-54.90,20.40,14.80,24.17,-54.82,34.90
Alt_Kasa.stl,0.4026,0.9154,0.0000,59.91,756.1,10,69.80,10.82,1.001,11.20,24.00,54.90,64.20,11.20,24.00,54.90,49.40,14.80,24.17,54.82,34.90
Alt_Kasa.stl,0.7737,0.6336,0.0000,59.91,756.1,10,69.80,10.82,1.001,11.20,46.23,38.10,64.20,11.20,46.23,38.10,49.40,14.80,46.36,37.96,34.90
Alt_Kasa.stl,0.7737,-0.6336,0.0000,59.91,756.1,10,69.80,10.82,1.001,11.20,46.23,-38.10,5.60,11.20,46.23,-38.10,20.40,14.80,46.36,-37.96,34.90
Alt_Kasa.stl,0.6497,0.7602,0.0000,59.91,756.1,10,69.80,10.82,1.001,11.20,38.64,45.79,64.20,11.20,38.64,45.79,49.40,14.80,38.79,45.66,34.90
Alt_Kasa.stl,0.6497,-0.7602,0.0000,59.91,756.1,10,69.80,10.82,1.001,11.20,38.64,-45.79,5.60,11.20,38.64,-45.79,20.40,14.80,38.79,-45.66,34.90
Alt_Kasa.stl,0.8918,-0.4524,0.0000,59.91,756.1,10,69.80,10.82,1.001,11.20,53.34,-27.27,5.60,11.20,53.34,-27.27,20.40,14.80,53.43,-27.10,34.90
Alt_Kasa.stl,0.8918,0.4524,0.0000,59.91,756.1,10,69.80,10.82,1.001,11.20,53.34,27.27,64.20,11.20,53.34,27.27,49.40,14.80,53.43,27.10,34.90
Alt_Kasa.stl,0.9579,0.2872,0.0000,59.91,756.1,10,69.80,10.82,1.001,11.20,57.48,16.89,5.60,11.20,57.48,16.89,20.40,14.80,57.43,17.07,34.90
Alt_Kasa.stl,0.9579,-0.2872,0.0000,59.91,756.1,10,69.80,10.82,1.001,11.20,57.37,-17.25,5.60,11.20,57.37,-17.25,20.40,14.80,57.43,-17.07,34.90
Alt_Kasa.stl,0.1615,-0.9869,0.0000,59.91,756.1,10,69.80,10.82,1.001,11.20,9.50,-59.15,5.60,11.20,9.50,-59.15,20.40,14.80,9.69,-59.12,34.90
Alt_Kasa.stl,0.1615,0.9869,0.0000,59.91,756.1,10,69.80,10.82,1.001,11.20,9.50,59.15,64.20,11.20,9.50,59.15,49.40,14.80,9.69,59.12,34.90
Alt_Kasa.stl,-0.9483,0.3173,0.0000,-56.91,715.2,10,67.10,10.64,1.001,11.20,53.97,-18.05,61.50,11.20,53.97,-18.05,46.70,14.80,54.06,-17.79,33.55
Alt_Kasa.stl,-0.9483,-0.3173,0.0000,-56.91,715.2,10,67.10,10.64,1.001,11.20,54.15,17.53,61.50,11.20,54.15,17.53,46.70,14.80,54.06,17.79,33.55
Alt_Kasa.stl,-0.3180,0.9481,0.0000,-56.91,715.2,10,67.10,10.64,1.001,11.20,17.53,-54.15,61.50,11.20,17.53,-54.15,46.70,14.80,17.79,-54.06,33.55
Alt_Kasa.stl,-0.3180,-0.9481,0.0000,-56.91,715.2,10,67.10,10.64,1.001,11.20,17.53,54.15,5.60,11.20,17.53,54.15,20.40,14.80,17.79,54.06,33.55
Alt_Kasa.stl,-0.5776,-0.8163,0.0000,-56.91,715.2,10,67.10,10.64,1.001,11.20,32.71,46.57,5.60,11.20,32.71,46.57,20.40,14.80,32.93,46.41,33.55
Alt_Kasa.stl,-0.5776,0.8163,0.0000,-56.91,715.2,10,67.10,10.64,1.001,11.20,32.71,-46.57,61.50,11.20,32.71,-46.57,46.70,14.80,32.93,-46.41,33.55
Alt_Kasa.stl,-0.8164,0.5775,0.0000,-56.91,715.2,10,67.10,10.64,1.001,11.20,46.25,-33.16,61.50,11.20,46.25,-33.16,46.70,14.80,46.41,-32.93,33.55
Alt_Kasa.stl,-0.8164,-0.5775,0.0000,-56.91,715.2,10,67.10,10.64,1.001,11.20,46.25,33.16,5.60,11.20,46.25,33.16,20.40,14.80,46.41,32.93,33.55
Alt_Kasa.stl,-1.0000,0.0000,0.0000,-56.94,572.1,8,67.10,8.52,1.001,8.80,56.94,-0.14,62.70,8.80,56.94,-0.14,51.10,11.60,56.94,0.00,33.55
Alt_Kasa.stl,1.0000,0.0000,0.0000,-56.80,60.7,12,38.62,64.26,0.024,7.20,-56.80,0.80,64.08,0.80,-56.80,59.60,28.88,68.53,-56.80,19.93,54.09
Alt_Kasa.stl,-1.0000,0.0000,0.0000,59.91,70.8,10,6.50,10.88,1.001,6.80,-59.91,2.04,63.60,2.40,-59.91,-4.56,65.80,6.96,-59.91,0.00,63.75
Alt_Kasa.stl,0.4026,-0.9154,0.0000,-56.94,56.3,8,6.60,8.52,1.001,6.80,-21.98,52.54,63.90,0.00,0.00,0.00,0.00,0.00,-22.77,52.19,63.80
Alt_Kasa.stl,0.4026,0.9154,0.0000,-56.94,56.3,8,6.60,8.52,1.001,6.80,-21.98,-52.54,63.70,0.00,0.00,0.00,0.00,0.00,-22.77,-52.19,63.80
Alt_Kasa.stl,0.7737,0.6336,0.0000,-56.91,70.3,10,6.60,10.64,1.001,6.80,-42.61,-37.79,63.70,2.40,-46.79,-32.69,65.90,6.96,-43.82,-36.31,63.80
Alt_Kasa.stl,0.7737,-0.6336,0.0000,-56.91,70.3,10,6.60,10.64,1.001,6.80,-42.61,37.79,63.90,2.40,-46.79,32.69,61.70,6.96,-43.82,36.31,63.80
Alt_Kasa.stl,0.6497,0.7602,0.0000,-56.90,70.3,10,6.60,10.64,1.002,6.80,-34.85,-45.07,63.70,2.40,-39.87,-40.78,65.90,6.96,-36.31,-43.82,63.80
Alt_Kasa.stl,0.6497,-0.7602,0.0000,-56.90,70.3,10,6.60,10.64,1.002,6.80,-34.85,45.07,63.90,2.40,-39.87,40.78,61.70,6.96,-36.31,43.82,63.80
Alt_Kasa.stl,0.8918,-0.4524,0.0000,-56.91,70.3,10,6.60,10.64,1.001,6.80,-49.93,27.36,63.90,2.40,-52.92,21.48,61.70,6.96,-50.80,25.65,63.80
Alt_Kasa.stl,0.8918,0.4524,0.0000,-56.91,70.3,10,6.60,10.64,1.001,6.80,-49.93,-27.36,63.70,2.40,-52.92,-21.48,65.90,6.96,-50.80,-25.65,63.80
Alt_Kapak.stl,0.0000,0.0000,-1.0000,0.00,20388.0,389,113.60,203.60,0.881,114.00,83.80,-0.20,0.00,28.80,-34.40,15.60,-0.00,119.25,0.05,-2.22,0.00
Alt_Kapak.stl,0.0000,0.0000,1.0000,3.00,18324.4,789,113.60,203.59,0.792,58.00,94.20,-21.80,3.00,30.80,109.00,41.80,3.00,65.30,40.34,7.80,3.00
Alt_Kapak.stl,-1.0000,-0.0000,0.0006,24.98,1127.2,11,39.90,40.50,0.698,26.40,-24.97,7.05,16.30,5.60,-24.96,-17.75,26.70,26.89,-24.96,0.61,31.45
Alt_Kapak.stl,0.0005,-1.0000,0.0000,27.84,495.1,21,25.90,20.90,0.915,18.80,-31.50,-27.85,20.60,1.60,-22.90,-27.85,4.40,18.34,-30.81,-27.85,9.73
Alt_Kapak.stl,0.0005,1.0000,0.0000,27.84,495.1,21,25.90,20.90,0.915,18.80,-31.50,27.85,20.10,1.60,-22.90,27.85,3.90,18.34,-29.48,27.85,9.85
Alt_Kapak.stl,0.0005,-1.0000,0.0000,-20.23,529.8,25,43.50,44.26,0.275,18.40,-34.34,20.22,20.40,2.80,-0.14,20.23,1.40,39.12,-25.61,20.22,12.09
Alt_Kapak.stl,0.0005,1.0000,0.0000,-20.24,529.8,25,43.50,44.26,0.275,18.40,-34.34,-20.22,20.30,2.80,-0.14,-20.24,42.10,40.56,-26.81,-20.22,11.99
Alt_Kapak.stl,0.0000,0.0000,-1.0000,-11.00,178.9,36,55.70,12.00,0.268,8.00,-37.00,23.85,11.00,8.00,-37.00,-24.15,11.00,48.00,-41.86,0.27,11.00
Alt_Kapak.stl,0.0000,0.0000,1.0000,7.00,263.5,308,75.63,177.34,0.020,8.00,-36.86,-23.85,7.00,8.00,-36.86,24.15,7.00,48.00,86.05,20.38,7.00
Alt_Kapak.stl,0.0000,0.0000,1.0000,29.50,454.9,228,55.70,28.24,0.289,7.60,-24.56,-23.65,29.50,7.60,-24.56,23.95,29.50,47.60,-31.81,-0.28,29.50
Alt_Kapak.stl,1.0000,0.0000,0.0009,-20.07,411.1,12,43.50,51.70,0.183,6.40,-20.08,22.65,6.80,6.40,-20.09,22.65,15.20,8.40,-20.09,0.00,18.79
Alt_Kapak.stl,0.0005,-1.0000,0.0000,24.95,196.0,7,39.90,5.60,0.878,6.00,-0.20,-24.95,40.20,5.60,-0.00,-24.95,26.80,13.40,0.29,-24.95,24.50
Alt_Kapak.stl,0.0005,1.0000,0.0000,24.95,196.0,7,39.90,5.60,0.878,6.00,-0.20,24.95,40.50,5.60,-0.00,24.95,32.70,7.80,0.29,24.95,24.50
Alt_Kapak.stl,1.0000,0.0000,0.0009,24.96,224.1,8,39.90,5.61,1.001,6.00,24.96,-0.19,6.60,6.00,24.95,-0.19,14.60,8.00,24.94,-0.00,23.55
Alt_Kapak.stl,-0.7509,-0.6604,0.0001,24.95,68.5,7,14.00,5.56,0.879,5.60,-18.96,-16.22,32.30,4.80,-18.96,-16.22,39.10,6.80,-18.87,-16.33,36.17
Alt_Kapak.stl,-0.7509,0.6604,0.0001,24.95,68.5,7,14.00,5.56,0.879,5.60,-18.96,16.22,33.50,4.80,-19.22,15.92,41.10,7.61,-18.87,16.33,36.17
Alt_Kapak.stl,-0.6096,-0.7927,0.0000,24.95,179.7,9,39.90,4.72,0.954,5.20,-15.40,-19.63,6.20,5.20,-15.40,-19.63,13.00,6.80,-15.66,-19.43,22.21
Alt_Kapak.stl,-0.6096,0.7927,0.0000,24.95,179.7,9,39.90,4.72,0.954,5.20,-15.40,19.63,26.90,5.20,-15.40,19.63,20.10,6.80,-15.62,19.46,21.70
Alt_Kapak.stl,0.6841,0.7294,0.0000,24.96,168.1,6,39.90,4.25,0.990,4.80,16.93,18.34,41.10,4.80,16.93,18.34,34.70,6.40,17.13,18.16,23.55
Alt_Kapak.stl,0.6841,-0.7294,-0.0000,24.96,168.1,6,39.90,4.26,0.990,4.80,16.93,-18.34,6.00,4.80,16.93,-18.34,12.40,6.40,17.13,-18.16,23.55
Alt_Kapak.stl,0.8876,0.4607,0.0000,24.96,168.1,6,39.90,4.24,0.995,4.80,22.04,11.72,41.10,4.80,22.04,11.72,34.70,6.40,22.17,11.47,23.55
Alt_Kapak.stl,0.8876,-0.4607,0.0000,24.96,168.1,6,39.90,4.23,0.995,4.80,22.04,-11.72,6.00,4.80,22.04,-11.72,12.40,6.40,22.17,-11.47,23.55
Alt_Kapak.stl,-0.3061,-0.9520,0.0000,24.96,168.1,6,39.90,4.32,0.976,4.80,-7.87,-23.69,6.00,4.80,-7.87,-23.69,12.40,6.40,-7.63,-23.77,23.55
Alt_Kapak.stl,-0.3061,0.9520,0.0000,24.96,168.1,6,39.90,4.32,0.976,4.80,-7.87,23.69,41.10,4.80,-7.87,23.69,34.70,6.40,-7.63,23.77,23.55
Alt_Kapak.stl,0.2934,0.9560,-0.0000,24.96,168.1,6,39.90,4.28,0.984,4.80,7.29,23.87,41.10,4.80,7.29,23.87,34.70,6.40,7.55,23.80,23.55
Alt_Kapak.stl,0.2934,-0.9560,-0.0000,24.96,168.1,6,39.90,4.28,0.984,4.80,7.29,-23.87,6.00,4.80,7.29,-23.87,12.40,6.40,7.55,-23.80,23.55
Alt_Kapak.stl,-0.9165,0.4000,0.0001,25.05,61.4,8,22.00,41.07,0.068,4.80,-22.98,9.95,41.10,4.80,-22.98,9.95,34.70,6.40,-26.75,1.31,33.75
Alt_Kapak.stl,-0.9165,-0.4000,0.0001,25.05,61.4,8,22.00,41.07,0.068,4.80,-22.77,-10.44,41.10,4.40,-22.85,-10.26,34.90,6.20,-26.75,-1.31,33.75
Alt_Kapak.stl,0.0005,-1.0000,0.0000,56.83,556.3,202,10.00,145.28,0.383,4.40,135.44,-56.77,2.20,4.40,129.84,-56.77,2.20,5.60,67.27,-56.80,6.38
Alt_Kapak.stl,0.0005,1.0000,0.0000,56.83,556.3,202,10.00,145.28,0.383,4.40,135.84,56.76,1.80,4.40,130.24,56.77,1.80,5.60,67.18,56.80,6.31
Alt_Kapak.stl,-0.9880,0.1544,0.0001,-20.05,166.0,8,43.50,48.62,0.078,4.40,19.76,-3.40,41.30,4.40,19.76,-3.40,35.70,5.60,21.60,8.36,16.69
Alt_Kapak.stl,-1.0000,-0.0000,0.0006,45.01,157.7,8,25.90,51.70,0.118,4.00,-44.99,23.85,27.50,4.00,-44.99,23.85,22.30,5.20,-45.00,0.00,12.77
Alt_Kapak.stl,0.8876,0.4607,0.0000,-20.06,164.8,6,43.50,3.78,1.001,4.00,-17.93,-9.01,41.50,4.00,-17.93,-9.01,36.30,5.20,-17.88,-9.11,21.75
Alt_Kapak.stl,0.8876,-0.4607,0.0000,-20.06,164.8,6,43.50,3.78,1.001,4.00,-17.93,9.01,2.00,4.00,-17.93,9.01,7.20,5.20,-17.88,9.11,21.75
Alt_Kapak.stl,-0.6096,-0.7927,0.0000,-20.06,164.8,6,43.50,3.78,1.001,4.00,12.21,15.92,2.00,4.00,12.21,15.92,7.20,5.20,12.30,15.85,21.75
Alt_Kapak.stl,-0.6096,0.7927,0.0000,-20.06,164.8,6,43.50,3.78,1.001,4.00,12.21,-15.92,41.50,4.00,12.21,-15.92,36.30,5.20,12.30,-15.85,21.75
Alt_Kapak.stl,0.2934,0.9560,-0.0000,-20.06,164.8,6,43.50,3.78,1.001,4.00,-5.70,-19.23,41.50,4.00,-5.70,-19.23,36.30,5.20,-5.60,-19.27,21.75
Alt_Kapak.stl,0.2934,-0.9560,-0.0000,-20.06,164.8,6,43.50,3.78,1.001,4.00,-5.70,19.23,2.00,4.00,-5.70,19.23,7.20,5.20,-5.60,19.27,21.75
Alt_Kapak.stl,-0.7509,-0.6604,0.0001,-20.06,164.8,6,43.50,3.79,1.000,4.00,14.98,13.35,2.00,4.00,14.98,13.35,7.20,5.20,15.05,13.27,21.75
Alt_Kapak.stl,-0.7509,0.6604,0.0001,-20.06,164.8,6,43.50,3.79,1.000,4.00,14.98,-13.35,41.50,4.00,14.98,-13.35,36.30,5.20,15.05,-13.27,21.75
Alt_Govde.stl,0.0000,0.0000,-1.0000,10.00,11097.5,310,119.98,120.00,0.771,46.80,-32.20,0.19,-10.00,38.40,26.00,20.39,-10.00,61.61,-2.48,-0.20,-10.00
Alt_Govde.stl,-0.0002,0.0002,1.0000,0.00,8119.0,243,114.00,114.00,0.625,38.80,34.40,0.00,0.01,38.40,-21.00,0.20,-0.00,55.40,-8.46,-0.63,0.00
Alt_Govde.stl,-0.0001,-1.0000,0.0004,29.01,2648.6,199,59.00,95.47,0.470,22.40,-11.51,-29.00,12.80,18.80,31.49,-29.01,11.00,43.04,20.48,-29.00,29.17
Alt_Govde.stl,-0.0001,-1.0000,0.0004,-20.99,2668.0,189,47.25,95.47,0.591,22.00,-11.31,20.99,12.75,18.80,31.49,20.99,11.15,42.83,20.16,21.00,30.69
Alt_Govde.stl,-0.0001,1.0000,0.0004,-20.99,2665.5,189,47.22,95.41,0.592,22.00,-11.31,-20.99,12.40,18.80,31.49,-20.99,10.80,42.83,21.90,-21.00,30.99
Alt_Govde.stl,-0.0001,1.0000,0.0004,29.01,2652.1,199,59.00,95.65,0.470,22.00,-11.31,29.00,12.40,18.80,31.49,29.01,10.80,42.83,20.48,29.00,29.17
Alt_Govde.stl,0.0000,0.0000,-1.0000,-40.00,648.0,4,58.00,40.50,0.276,8.40,35.80,24.80,40.00,8.40,35.80,-25.20,40.00,50.00,19.75,0.00,40.00
Alt_Govde.stl,-0.0002,0.0002,1.0000,20.00,648.0,4,58.00,40.50,0.276,8.40,35.80,-24.80,20.01,8.40,35.80,25.20,20.00,50.00,19.75,0.00,20.00
Alt_Govde.stl,-1.0000,0.0000,0.0000,-40.00,316.4,12,20.00,58.00,0.273,8.40,40.00,24.80,35.80,8.40,40.00,24.80,24.60,11.20,40.00,0.00,30.00
Alt_Govde.stl,1.0000,0.0000,-0.0012,-0.54,316.4,12,20.00,58.00,0.273,8.40,-0.51,24.80,24.20,8.40,-0.49,24.80,35.40,11.20,-0.50,0.00,30.00
Alt_Govde.stl,-0.0001,1.0000,0.0004,59.91,75.8,10,7.00,10.82,1.001,7.60,0.41,59.91,-6.80,0.00,0.00,0.00,0.00,0.00,0.00,59.91,-6.50
Alt_Govde.stl,-1.0000,0.0000,0.0000,59.94,60.7,8,7.00,8.66,1.001,7.60,-59.94,0.53,-6.80,0.00,0.00,0.00,0.00,0.00,-59.94,0.00,-6.50
Alt_Govde.stl,0.9161,0.4010,0.0003,59.91,75.8,10,7.00,10.82,1.001,7.60,54.17,25.64,-6.20,1.20,56.90,19.42,-9.40,7.52,54.82,24.17,-6.50
Alt_Govde.stl,-0.9144,0.4048,0.0000,59.91,75.8,10,7.00,10.82,1.001,7.60,-54.17,25.64,-6.80,1.20,-56.92,19.42,-3.60,7.52,-54.82,24.17,-6.50
Alt_Govde.stl,-0.9144,-0.4048,0.0000,59.91,75.8,10,7.00,10.82,1.001,7.60,-55.47,-22.70,-6.80,1.20,-52.72,-28.92,-3.60,7.52,-54.82,-24.17,-6.50
Alt_Govde.stl,0.9161,-0.4010,0.0002,59.91,75.8,10,7.00,10.82,1.001,7.60,54.98,-23.80,-6.20,0.00,0.00,0.00,0.00,0.00,54.82,-24.17,-6.50
Alt_Govde.stl,-0.6331,-0.7740,0.0000,59.91,75.8,10,7.00,10.82,1.001,7.60,-36.71,-47.37,-6.20,1.20,-41.97,-43.07,-9.40,7.52,-37.96,-46.36,-6.50
Alt_Govde.stl,0.6350,0.7725,-0.0002,59.91,75.8,10,7.00,10.82,1.001,7.60,39.20,45.33,-6.80,1.20,33.95,49.65,-3.60,7.52,37.96,46.36,-6.50
Alt_Govde.stl,0.6350,-0.7725,-0.0002,59.91,75.8,10,7.00,10.82,1.001,7.60,38.27,-46.10,-6.20,0.00,0.00,0.00,0.00,0.00,37.96,-46.36,-6.50
Alt_Govde.stl,-0.6331,0.7740,0.0000,59.91,75.8,10,7.00,10.82,1.001,7.60,-36.71,47.37,-6.80,1.20,-41.97,43.07,-3.60,7.52,-37.96,46.36,-6.50
Alt_Govde.stl,0.7628,-0.6467,0.0002,59.91,75.8,10,7.00,10.82,1.001,7.60,46.70,-37.56,-6.20,1.20,42.31,-42.75,-9.40,7.52,45.66,-38.79,-6.50
Alt_Govde.stl,0.7627,0.6467,0.0002,59.91,75.8,10,7.00,10.82,1.001,7.60,45.93,38.47,-6.80,0.00,0.00,0.00,0.00,0.00,45.66,38.79,-6.50
Alt_Govde.stl,-0.7622,0.6474,0.0000,59.91,75.8,10,7.00,10.82,1.001,7.60,-44.62,40.01,-6.80,1.20,-49.02,34.83,-3.60,7.52,-45.66,38.79,-6.50
Alt_Govde.stl,-0.7622,-0.6474,0.0000,59.91,75.8,10,7.00,10.82,1.001,7.60,-44.62,-40.01,-6.20,1.20,-49.02,-34.83,-9.40,7.52,-45.66,-38.79,-6.50
Alt_Govde.stl,-0.4515,0.8923,0.0000,59.91,75.8,10,7.00,10.82,1.001,7.60,-25.67,54.16,-6.80,1.20,-31.73,51.09,-3.60,7.52,-27.10,53.43,-6.50
Alt_Govde.stl,-0.4515,-0.8923,0.0000,59.91,75.8,10,7.00,10.82,1.001,7.60,-25.67,-54.16,-6.20,1.20,-31.73,-51.09,-9.40,7.52,-27.10,-53.43,-6.50
Alt_Govde.stl,0.4481,0.8940,0.0001,59.91,75.8,10,7.00,10.82,1.001,7.60,27.47,53.25,-6.80,0.00,0.00,0.00,0.00,0.00,27.10,53.43,-6.50
Alt_Govde.stl,0.4481,-0.8940,0.0001,59.91,75.8,10,7.00,10.82,1.001,7.60,28.54,-52.71,-6.20,1.20,22.46,-55.76,-9.40,7.52,27.10,-53.43,-6.50
Alt_Govde.stl,-0.2878,0.9577,0.0000,59.91,75.8,10,7.00,10.82,1.001,7.60,-15.53,57.89,-6.80,1.20,-22.04,55.94,-3.60,7.52,-17.07,57.43,-6.50
Alt_Govde.stl,0.2819,-0.9595,0.0000,59.91,75.8,10,7.00,10.82,1.001,7.60,18.61,-56.98,-6.20,1.20,12.09,-58.89,-9.40,7.52,17.07,-57.43,-6.50
Alt_Govde.stl,-0.2878,-0.9577,0.0000,59.91,75.8,10,7.00,10.82,1.001,7.60,-15.53,-57.89,-6.20,1.20,-22.04,-55.94,-9.40,7.52,-17.07,-57.43,-6.50
Alt_Govde.stl,0.2819,0.9595,0.0000,59.91,75.8,10,7.00,10.82,1.001,7.60,18.61,56.98,-6.80,1.20,12.09,58.89,-3.60,7.52,17.07,57.43,-6.50
Alt_Govde.stl,0.9868,-0.1619,-0.0003,59.91,75.8,10,7.00,10.82,1.001,7.60,59.38,-8.10,-6.20,1.20,58.28,-14.81,-9.40,7.52,59.12,-9.69,-6.50
Alt_Govde.stl,0.9868,0.1619,-0.0003,59.91,75.8,10,7.00,10.82,1.001,7.60,59.06,10.10,-6.20,0.00,0.00,0.00,0.00,0.00,59.12,9.69,-6.50
Alt_Govde.stl,-0.9872,-0.1598,0.0000,59.91,75.8,10,7.00,10.82,1.001,7.60,-59.38,-8.10,-6.80,1.20,-58.29,-14.82,-3.60,7.52,-59.12,-9.69,-6.50
Alt_Govde.stl,-0.9872,0.1598,0.0000,59.91,75.8,10,7.00,10.82,1.001,7.60,-58.87,11.28,-6.80,1.20,-59.95,4.57,-3.60,7.52,-59.12,9.69,-6.50
Alt_Govde.stl,-0.0001,-1.0000,0.0004,59.91,75.8,10,7.00,10.82,1.001,7.20,1.81,-59.91,-6.40,1.60,-4.99,-59.91,-9.20,7.35,0.00,-59.91,-6.50
Alt_Govde.stl,1.0000,0.0000,-0.0012,59.95,60.7,8,7.00,8.66,1.001,7.20,59.94,0.73,-6.40,0.00,0.00,0.00,0.00,0.00,59.94,-0.00,-6.50
Alt_Govde.stl,0.8469,0.5318,0.0000,59.96,45.5,6,7.00,6.50,1.000,6.80,50.73,31.97,-6.40,0.00,0.00,0.00,0.00,0.00,50.81,31.84,-6.50
Alt_Govde.stl,-0.8474,-0.5310,0.0000,59.96,45.5,6,7.00,6.50,1.000,6.80,-50.89,-31.71,-6.60,0.00,0.00,0.00,0.00,0.00,-50.81,-31.84,-6.50
Tabla_Alt.stl,0.0000,0.0000,-1.0000,0.00,2681.3,632,109.68,109.70,0.223,11.60,-9.75,-0.16,0.00,10.40,-24.35,-0.36,0.00,14.60,0.25,-0.14,0.00
Tabla_Alt.stl,0.0000,0.0000,1.0000,3.00,1675.9,364,98.80,86.76,0.195,11.20,-9.49,-0.20,3.00,10.40,-23.89,0.20,3.00,14.41,0.31,-0.23,3.00
Tabla_Alt.stl,0.3649,-0.9310,-0.0000,-51.76,101.1,10,10.00,10.31,0.980,10.40,-18.84,48.21,5.20,0.00,0.00,0.00,0.00,0.00,-18.76,48.24,5.00
Tabla_Alt.stl,0.3649,0.9310,-0.0000,-51.76,101.1,10,10.00,10.31,0.980,10.40,-18.84,-48.21,4.80,0.00,0.00,0.00,0.00,0.00,-18.76,-48.24,5.00
Tabla_Alt.stl,-0.7459,0.6660,-0.0000,-51.76,99.9,10,10.00,10.55,0.947,9.60,38.35,-34.77,5.20,0.00,0.00,0.00,0.00,0.00,38.50,-34.60,5.00
Tabla_Alt.stl,0.7484,0.6632,-0.0001,-51.78,91.0,9,10.00,10.16,0.896,8.80,-39.05,-34.01,5.60,0.00,0.00,0.00,0.00,0.00,-38.84,-34.24,5.19
Tabla_Alt.stl,0.7484,-0.6632,-0.0001,-51.78,91.0,9,10.00,10.16,0.896,8.80,-39.05,34.01,6.00,0.00,0.00,0.00,0.00,0.00,-38.84,34.24,5.19
Tabla_Alt.stl,0.8656,0.5008,-0.0000,-51.78,91.0,9,10.00,10.16,0.896,8.40,-44.63,-26.25,5.80,0.00,0.00,0.00,0.00,0.00,-44.74,-26.06,5.19
Tabla_Alt.stl,0.8656,-0.5008,-0.0000,-51.78,91.0,9,10.00,10.16,0.896,8.40,-44.63,26.25,6.20,0.00,0.00,0.00,0.00,0.00,-44.74,26.06,5.19
Tabla_Alt.stl,-0.8642,0.5032,-0.0001,-51.78,90.1,9,10.00,10.16,0.887,8.40,44.71,-26.11,5.80,0.00,0.00,0.00,0.00,0.00,44.68,-26.17,5.19
Tabla_Alt.stl,-0.8642,-0.5032,-0.0001,-51.78,90.1,9,10.00,10.16,0.887,8.40,44.71,26.11,6.20,0.00,0.00,0.00,0.00,0.00,44.68,26.17,5.19
Tabla_Alt.stl,-0.0007,1.0000,-0.0000,-51.79,80.9,8,10.00,8.14,0.994,8.40,-0.13,-51.79,5.80,0.00,0.00,0.00,0.00,0.00,-0.03,-51.79,5.00
Tabla_Alt.stl,-0.0007,-1.0000,-0.0000,-51.79,80.9,8,10.00,8.14,0.994,8.40,-0.13,51.79,4.20,0.00,0.00,0.00,0.00,0.00,-0.03,51.79,5.00
Tabla_Alt.stl,-0.7478,-0.6640,-0.0001,-51.76,93.1,10,10.00,10.55,0.882,8.40,38.75,34.32,5.80,0.00,0.00,0.00,0.00,0.00,38.49,34.61,4.77
Tabla_Alt.stl,-0.2464,-0.9692,-0.0000,-51.76,94.6,11,10.00,10.34,0.915,8.00,11.79,50.41,4.00,0.00,0.00,0.00,0.00,0.00,13.15,50.07,5.30
Tabla_Alt.stl,-0.2464,0.9692,-0.0000,-51.76,94.6,11,10.00,10.34,0.915,8.00,11.79,-50.41,6.00,0.00,0.00,0.00,0.00,0.00,13.14,-50.07,5.09
Tabla_Alt.stl,0.5179,-0.8554,-0.0000,-51.79,80.9,8,10.00,8.43,0.959,8.00,-27.09,44.14,4.00,0.00,0.00,0.00,0.00,0.00,-26.91,44.25,5.00
Tabla_Alt.stl,0.5179,0.8554,-0.0000,-51.79,80.9,8,10.00,8.43,0.959,8.00,-27.09,-44.14,6.00,0.00,0.00,0.00,0.00,0.00,-26.91,-44.25,5.00
Tabla_Alt.stl,0.8656,0.5008,-0.0000,56.79,59.5,8,7.00,8.50,1.001,7.60,49.41,28.01,6.20,0.00,0.00,0.00,0.00,0.00,49.18,28.40,6.50
Tabla_Alt.stl,0.8656,-0.5008,-0.0000,56.79,59.5,8,7.00,8.50,1.001,7.60,48.81,-29.05,6.80,0.00,0.00,0.00,0.00,0.00,49.18,-28.40,6.50
Tabla_Alt.stl,-0.8642,0.5032,-0.0001,56.79,59.5,8,7.00,8.50,1.001,7.60,-49.56,27.75,6.20,0.00,0.00,0.00,0.00,0.00,-49.18,28.40,6.50
Tabla_Alt.stl,-0.8642,-0.5032,-0.0001,56.79,59.5,8,7.00,8.50,1.001,7.60,-48.96,-28.78,6.80,0.00,0.00,0.00,0.00,0.00,-49.18,-28.40,6.50
Tabla_Alt.stl,0.9329,0.3601,-0.0000,-51.79,80.9,8,10.00,8.93,0.905,7.60,-48.55,-18.05,6.60,0.40,-49.70,-15.07,0.20,7.16,-48.44,-18.33,5.00
Tabla_Alt.stl,0.9329,0.3601,-0.0000,56.79,59.5,8,7.00,8.50,1.001,7.60,53.14,20.05,6.80,0.00,0.00,0.00,0.00,0.00,52.86,20.75,6.50
Tabla_Alt.stl,0.9329,-0.3601,-0.0000,-51.79,80.9,8,10.00,8.93,0.905,7.60,-48.36,18.55,3.80,0.40,-47.20,21.53,10.20,7.16,-48.44,18.33,5.00
Tabla_Alt.stl,0.9329,-0.3601,-0.0000,56.79,59.5,8,7.00,8.50,1.001,7.60,53.03,-20.33,6.80,0.00,0.00,0.00,0.00,0.00,52.86,-20.75,6.50
Tabla_Alt.stl,-0.9326,0.3610,-0.0000,56.79,59.5,8,7.00,8.50,1.001,7.60,-52.70,21.17,6.20,0.00,0.00,0.00,0.00,0.00,-52.86,20.75,6.50
Tabla_Alt.stl,-0.9326,-0.3610,-0.0000,-51.79,79.9,8,10.00,9.27,0.863,7.60,48.38,18.49,4.20,0.00,0.00,0.00,0.00,0.00,48.36,18.53,5.00
Tabla_Alt.stl,-0.9326,-0.3610,-0.0000,56.79,59.5,8,7.00,8.50,1.001,7.60,-52.59,-21.45,6.20,0.00,0.00,0.00,0.00,0.00,-52.86,-20.75,6.50
Tabla_Alt.stl,0.3649,-0.9310,-0.0000,56.79,59.5,8,7.00,8.50,1.001,7.60,20.05,-53.14,6.80,0.00,0.00,0.00,0.00,0.00,20.75,-52.86,6.50
Tabla_Alt.stl,0.3649,0.9310,-0.0000,56.79,59.5,8,7.00,8.50,1.001,7.60,21.17,52.70,6.20,0.00,0.00,0.00,0.00,0.00,20.75,52.86,6.50
Tabla_Alt.stl,-0.7478,-0.6640,-0.0001,56.76,74.4,10,7.00,10.62,1.001,7.60,-41.32,-38.95,6.80,1.20,-45.84,-33.86,3.60,7.52,-42.32,-37.82,6.50
Tabla_Alt.stl,-0.7459,0.6660,-0.0000,56.76,74.4,10,7.00,10.62,1.001,7.60,-42.12,38.05,6.20,0.00,0.00,0.00,0.00,0.00,-42.32,37.82,6.50
Tabla_Alt.stl,0.7484,0.6632,-0.0001,56.76,74.4,10,7.00,10.62,1.001,7.60,43.32,36.69,6.20,1.20,38.81,41.78,9.40,7.52,42.32,37.82,6.50
Tabla_Alt.stl,0.7484,-0.6632,-0.0001,56.76,74.4,10,7.00,10.62,1.001,7.60,42.53,-37.59,6.80,0.00,0.00,0.00,0.00,0.00,42.32,-37.82,6.50
Tabla_Alt.stl,0.9742,-0.2258,-0.0000,56.79,59.5,8,7.00,8.50,1.001,7.60,55.47,-12.20,6.80,0.00,0.00,0.00,0.00,0.00,55.37,-12.64,6.50
Tabla_Alt.stl,0.9742,0.2258,-0.0000,56.79,59.5,8,7.00,8.50,1.001,7.60,55.54,11.91,6.80,0.00,0.00,0.00,0.00,0.00,55.37,12.64,6.50
Tabla_Alt.stl,-0.9751,-0.2218,0.0000,56.79,59.5,8,7.00,8.50,1.001,7.60,-55.47,-12.20,6.20,0.00,0.00,0.00,0.00,0.00,-55.37,-12.64,6.50
Tabla_Alt.stl,-0.9751,0.2218,0.0000,56.79,59.5,8,7.00,8.50,1.001,7.60,-55.53,11.90,6.20,0.00,0.00,0.00,0.00,0.00,-55.37,12.64,6.50
Tabla_Alt.stl,-0.2464,-0.9692,-0.0000,56.76,74.4,10,7.00,10.62,1.001,7.60,-12.20,-55.46,6.80,1.20,-18.79,-53.79,3.60,7.52,-13.66,-55.09,6.50
Alt_Kol.stl,0.0000,1.0000,0.0000,15.00,4282.6,348,231.77,85.00,0.217,25.60,24.10,15.00,88.88,13.60,14.90,15.00,-87.52,176.64,17.94,15.00,-4.93
Alt_Kol.stl,0.0000,-1.0000,0.0000,15.00,4550.2,326,231.77,85.00,0.231,25.60,29.70,-15.00,90.31,13.60,14.90,-15.00,-87.29,178.22,16.18,-15.00,-11.57
Alt_Kol.stl,-0.9987,0.0000,0.0502,22.47,3970.6,10,198.52,20.07,0.997,20.40,-18.15,-0.17,86.55,20.40,-19.52,-0.17,59.38,27.20,-22.58,0.00,-1.70
Alt_Kol.stl,0.0000,1.0000,0.0000,10.00,2354.4,65,166.80,21.70,0.650,20.40,-0.15,10.00,-57.36,17.60,-0.35,10.00,-31.16,26.20,0.00,10.00,-7.17
Alt_Kol.stl,0.9988,0.0000,0.0499,22.48,3304.6,8,165.22,20.00,1.000,20.40,27.07,-0.20,-91.35,20.40,25.71,-0.20,-64.19,27.20,24.44,-0.00,-38.66
Alt_Kol.stl,0.0000,-1.0000,0.0000,10.00,2354.4,64,166.80,21.70,0.650,20.40,-0.15,-10.00,-61.36,18.00,-0.15,-10.00,-35.36,26.00,0.04,-10.00,-8.61
Alt_Kol.stl,-0.2237,0.0000,0.9747,101.28,1200.7,6,20.05,60.03,0.997,20.40,34.24,0.17,111.78,20.40,7.73,0.17,105.69,27.20,14.71,-0.00,107.29
Alt_Kol.stl,0.2245,0.0000,-0.9745,-61.24,619.8,6,20.00,30.99,1.000,20.40,43.21,-0.20,72.80,4.00,24.70,8.00,68.53,20.69,37.75,0.00,71.54
Alt_Kol.stl,-0.7066,-0.7076,0.0043,1.22,559.1,1,158.16,7.07,0.500,7.20,11.53,-13.63,-62.93,6.80,11.67,-13.71,-53.53,9.40,11.54,-13.33,-14.14
Alt_Kol.stl,-0.7066,-0.7076,0.0043,24.07,680.1,1,192.11,14.70,0.241,7.20,-23.30,-11.30,-90.10,6.80,-22.88,-11.67,-80.30,9.82,-20.93,-13.33,-34.75
Alt_Kol.stl,-0.7066,0.7076,0.0043,1.14,538.1,1,151.99,11.79,0.300,7.20,11.59,13.57,-62.54,6.80,11.17,13.08,-51.94,10.62,9.97,11.67,-16.21
Alt_Kol.stl,-0.7066,0.7076,0.0043,3.23,559.1,1,157.95,11.79,0.300,7.20,7.28,11.34,80.82,6.40,7.85,11.99,68.02,12.82,9.00,13.33,36.52
Alt_Kol.stl,-0.7066,0.7076,0.0043,24.07,680.1,1,192.11,14.70,0.241,7.20,-23.30,11.30,-89.59,6.80,-22.88,11.66,-78.99,10.62,-20.93,13.33,-34.75
Alt_Kol.stl,0.7066,0.7076,0.0021,1.23,551.9,1,156.15,7.07,0.500,7.20,-12.01,13.89,-55.20,6.40,-12.01,13.85,-40.40,14.80,-11.57,13.33,-14.82
Alt_Kol.stl,0.7066,0.7076,0.0021,24.43,591.7,1,167.14,13.34,0.265,7.20,23.33,11.51,-94.94,6.80,22.91,11.90,-84.34,10.62,21.35,13.33,-43.08
Alt_Kol.stl,0.7066,-0.7076,0.0021,24.43,591.7,1,167.14,13.34,0.265,7.20,23.33,-11.51,-94.89,6.80,22.91,-11.90,-85.48,9.42,21.35,-13.33,-43.08
Alt_Kol.stl,-0.7066,-0.7076,0.0043,22.06,689.5,1,194.78,14.70,0.241,6.80,-16.92,-13.72,89.20,6.40,-17.35,-13.36,78.60,10.62,-19.34,-11.67,30.26
Alt_Kol.stl,-0.7066,0.7076,0.0043,22.06,689.5,1,194.78,14.70,0.241,6.80,-16.92,13.72,89.98,6.40,-17.35,13.35,81.38,8.62,-19.34,11.67,30.26
Alt_Kol.stl,0.7066,0.7076,0.0021,3.05,517.2,1,156.15,6.74,0.491,6.80,-7.42,11.49,76.60,6.40,-7.28,11.37,68.00,8.60,-7.47,11.67,33.80
Alt_Kol.stl,0.7066,0.7076,0.0021,22.63,572.5,1,166.88,13.34,0.257,6.80,18.52,13.32,54.06,6.40,18.95,12.93,43.46,10.62,20.31,11.67,10.91
Alt_Kol.stl,0.7066,-0.7076,0.0021,1.18,538.5,1,152.13,12.13,0.292,6.80,-11.72,-13.53,-57.55,6.00,-11.15,-12.94,-46.35,11.23,-9.97,-11.67,-16.16
Alt_Kol.stl,0.7066,-0.7076,0.0021,3.13,551.9,1,155.91,12.13,0.292,6.80,-7.22,-11.39,81.48,6.40,-7.65,-11.84,70.88,10.62,-9.03,-13.33,35.89
Alt_Kol.stl,0.7066,-0.7076,0.0021,22.63,572.5,1,166.88,13.34,0.257,6.80,18.52,-13.32,53.99,6.40,18.95,-12.93,43.78,10.22,20.31,-11.67,10.91
Alt_Kol.stl,-0.1560,-0.7073,0.6895,78.75,425.4,10,16.23,61.98,0.423,6.80,41.34,-12.39,110.86,6.80,32.65,-12.24,109.04,8.88,15.85,-12.35,105.13
Alt_Kol.stl,0.1587,0.7078,-0.6884,-36.19,251.9,11,12.71,38.45,0.516,6.80,49.01,12.28,76.50,6.80,39.13,12.31,74.25,10.13,34.70,12.25,73.16
Alt_Kol.stl,0.1587,-0.7078,-0.6884,-36.19,251.9,11,12.71,38.45,0.516,6.80,49.01,-12.63,76.85,6.80,39.92,-12.56,74.69,9.34,34.69,-12.25,73.17
Alt_Kol.stl,-0.7066,-0.7076,0.0043,3.15,517.2,1,158.16,6.70,0.488,6.40,6.98,-11.03,64.25,6.40,6.98,-10.97,72.65,8.40,7.44,-11.67,34.47
Alt_Kol.stl,-0.1560,0.7073,0.6895,78.74,425.4,10,16.23,61.98,0.423,6.40,42.33,12.48,110.99,6.40,34.03,12.66,108.93,8.55,15.85,12.36,105.12
Alt_Kol.stl,0.1587,0.7078,-0.6884,95.29,44.6,9,7.85,7.42,0.766,6.00,4.78,12.64,-124.33,0.00,0.00,0.00,0.00,0.00,5.21,12.41,-124.47
Alt_Kol.stl,0.1587,-0.7078,-0.6884,95.29,44.6,9,7.85,7.42,0.766,6.00,4.78,-12.47,-124.51,0.00,0.00,0.00,0.00,0.00,5.21,-12.41,-124.47
Alt_Kol.stl,-0.3575,0.7082,-0.6088,87.32,49.3,10,9.19,9.15,0.586,5.60,-12.56,12.41,-121.63,0.40,-10.88,9.89,-125.53,4.94,-12.62,12.50,-121.48
Alt_Kol.stl,-0.3575,-0.7082,-0.6088,87.32,49.3,10,9.19,9.15,0.586,5.60,-12.56,-12.67,-121.31,0.80,-17.04,-10.33,-121.41,5.06,-12.62,-12.50,-121.48
Alt_Kol.stl,-0.0197,0.7078,-0.7061,97.08,39.4,8,7.24,5.83,0.934,5.60,-1.01,13.10,-124.32,0.40,1.99,9.90,-127.62,5.49,-0.70,12.50,-124.93
Alt_Kol.stl,-0.0197,-0.7078,-0.7061,97.08,39.4,8,7.24,5.83,0.934,5.60,-1.01,-11.95,-125.48,0.40,1.59,-15.23,-122.26,5.28,-0.70,-12.50,-124.93
Alt_Kol.stl,0.3579,0.7106,-0.6058,86.99,49.3,10,9.19,9.16,0.585,5.60,12.14,12.53,-121.73,0.40,16.81,10.00,-121.94,5.31,12.61,12.50,-121.48
Alt_Kol.stl,0.3579,-0.7106,-0.6058,86.99,49.3,10,9.19,9.16,0.585,5.60,12.51,-12.42,-121.63,0.40,16.81,-10.26,-121.63,4.81,12.61,-12.50,-121.48
Alt_Kol.stl,-0.6165,-0.7082,-0.3440,60.84,49.3,10,9.80,9.88,0.509,5.20,-21.82,-12.47,-112.08,0.80,-25.44,-10.01,-110.67,4.60,-21.76,-12.50,-112.13
Alt_Kol.stl,-0.6165,0.7082,-0.3440,60.84,49.3,10,9.80,9.88,0.509,5.20,-21.82,12.56,-111.91,0.80,-21.97,10.44,-115.99,4.60,-21.76,12.50,-112.13
Alt_Kol.stl,0.6198,0.7082,-0.3380,60.24,49.3,10,9.79,9.88,0.509,5.20,21.72,12.45,-112.30,0.80,18.11,14.94,-113.71,4.60,21.76,12.50,-112.14
Alt_Kol.stl,0.6198,-0.7082,-0.3380,60.24,49.3,10,9.79,9.88,0.509,5.20,21.72,-12.37,-112.47,0.80,21.25,-14.69,-108.48,4.64,21.76,-12.50,-112.14
On_Kol.stl,1.0000,0.0000,-0.0000,-30.50,1192.9,39,36.78,40.25,0.806,25.20,-30.50,-0.20,-5.79,6.40,-30.50,24.00,-6.39,24.21,-30.50,23.78,-0.38
On_Kol.stl,-0.5000,-0.8660,0.0000,38.91,898.1,2,26.62,36.00,0.937,24.80,-40.06,-21.80,0.29,3.60,-59.29,-10.70,-9.91,24.43,-44.91,-19.00,0.28
On_Kol.stl,-0.5000,0.8660,-0.0000,38.91,701.5,119,26.62,36.00,0.732,23.60,-49.59,16.30,-0.09,3.60,-30.88,27.10,11.51,24.52,-38.69,22.59,1.26
On_Kol.stl,0.0000,1.0000,0.0000,-15.25,1602.5,107,40.00,47.50,0.843,22.80,-16.60,-15.25,7.00,14.00,11.80,-15.25,-0.20,29.30,5.95,-15.25,0.28
On_Kol.stl,-0.0436,0.0000,-0.9990,19.61,2078.2,20,46.00,143.11,0.316,20.40,-40.49,-0.00,-17.86,10.40,-62.67,-0.20,-16.89,22.20,-38.79,-0.37,-17.94
On_Kol.stl,-0.0436,0.0000,0.9990,19.61,2078.2,20,46.00,143.11,0.316,20.40,-40.49,-0.00,17.86,10.40,-62.67,0.20,16.89,22.20,-38.79,-0.37,17.94
On_Kol.stl,0.0000,-1.0000,0.0000,28.00,797.8,126,29.99,44.31,0.600,18.80,-20.41,-28.00,-4.00,4.40,12.79,-28.00,0.40,33.49,0.57,-28.00,-0.64
On_Kol.stl,0.0000,1.0000,0.0000,7.00,717.3,136,14.87,74.63,0.646,13.60,-71.70,7.00,-0.16,12.00,-88.90,7.00,-0.16,17.20,-114.67,7.00,-0.45
On_Kol.stl,0.0000,-1.0000,0.0000,7.00,779.2,49,14.87,68.43,0.766,13.60,-71.70,-7.00,0.16,12.00,-88.90,-7.00,0.16,17.20,-96.34,-7.00,-1.19
On_Kol.stl,-0.0436,0.0000,-0.9990,-9.87,235.9,1,12.75,36.96,0.500,10.00,4.48,19.80,9.68,6.40,-6.91,18.00,10.18,11.54,-2.83,19.50,10.00
On_Kol.stl,-0.0436,0.0000,-0.9990,-9.30,247.5,1,12.75,38.79,0.500,10.00,-22.72,23.00,10.30,6.40,-10.53,24.80,9.77,12.33,-15.77,23.75,10.00
On_Kol.stl,-0.0436,0.0000,0.9990,-9.84,247.5,1,12.75,38.79,0.500,10.00,4.48,23.45,-9.65,6.80,-7.11,25.05,-10.16,11.71,-3.44,23.75,-10.00
On_Kol.stl,0.0000,-1.0000,0.0000,-15.25,841.2,58,40.00,46.86,0.449,10.00,-0.84,15.25,-14.60,10.00,-0.84,15.25,15.00,29.60,5.50,15.25,0.00
On_Kol.stl,-0.0436,0.0000,0.9990,-9.30,235.9,1,12.75,38.79,0.477,9.60,-22.92,20.05,-10.31,6.40,-11.33,18.45,-9.81,11.71,-15.77,19.50,-10.00
On_Kol.stl,-1.0000,0.0000,-0.0001,-10.00,206.2,22,19.00,12.75,0.851,9.20,10.00,23.40,4.90,7.20,10.00,24.40,-6.10,11.05,10.00,20.40,-0.21
On_Kol.stl,0.0000,-1.0000,0.0000,-19.25,78.9,8,8.00,9.99,0.987,8.40,15.39,19.25,0.20,0.00,0.00,0.00,0.00,0.00,17.40,19.25,-0.24
On_Kol.stl,-0.0213,0.7075,-0.7064,30.31,211.6,6,8.16,30.50,0.850,7.20,-2.17,25.28,-17.53,7.20,-11.77,25.42,-17.10,9.61,-4.79,25.50,-17.23
On_Kol.stl,-0.0213,0.7075,0.7064,30.31,211.6,6,8.16,30.50,0.850,7.20,-2.17,25.45,17.36,7.20,-11.77,25.87,16.65,9.63,-4.79,25.50,17.23
On_Kol.stl,-0.0174,-0.7075,-0.7064,30.30,211.8,6,8.16,30.49,0.851,7.20,-2.17,-25.44,-17.35,7.20,-11.77,-25.89,-16.67,9.63,-4.71,-25.50,-17.23
On_Kol.stl,-0.0174,-0.7075,0.7064,30.30,211.8,6,8.16,30.49,0.851,7.20,-2.17,-25.27,17.52,7.20,-11.77,-25.44,17.12,9.61,-4.71,-25.50,17.23
On_Kol.stl,-0.0213,0.7075,-0.7064,15.80,283.9,1,7.07,80.48,0.499,6.80,-132.00,7.75,-10.62,6.00,-123.60,7.88,-10.74,8.40,-113.77,8.33,-10.59
On_Kol.stl,-0.0213,0.7075,-0.7064,16.25,288.6,1,7.12,81.55,0.497,6.80,-63.75,6.95,-14.12,6.00,-72.15,6.82,-13.99,8.40,-86.69,6.67,-13.71
On_Kol.stl,-0.0213,0.7075,0.7064,15.80,283.9,1,7.07,80.48,0.499,6.80,-132.00,8.13,10.24,6.00,-123.60,8.26,10.37,8.40,-113.77,8.33,10.59
On_Kol.stl,-0.0213,0.7075,0.7064,16.25,288.6,1,7.12,81.55,0.497,6.80,-63.75,7.29,13.77,6.00,-72.15,7.17,13.65,8.40,-86.69,6.67,13.71
On_Kol.stl,-0.0174,-0.7075,-0.7064,15.36,283.9,1,7.07,80.48,0.499,6.80,-132.00,-8.18,-10.29,6.00,-123.60,-8.29,-10.39,8.40,-113.77,-8.33,-10.59
On_Kol.stl,-0.0174,-0.7075,-0.7064,15.91,288.6,1,7.12,81.55,0.497,6.80,-63.75,-7.23,-13.71,6.00,-72.15,-7.13,-13.61,8.40,-86.69,-6.67,-13.71
On_Kol.stl,-0.0174,-0.7075,0.7064,15.36,283.9,1,7.07,80.48,0.499,6.80,-132.00,-7.80,10.67,6.00,-123.60,-7.91,10.77,8.40,-113.77,-8.33,10.59
On_Kol.stl,-0.0174,-0.7075,0.7064,15.91,288.6,1,7.12,81.55,0.497,6.80,-63.75,-6.89,14.05,6.00,-72.15,-6.78,13.95,8.40,-86.69,-6.67,13.71
On_Kol.stl,0.0000,1.0000,0.0000,10.00,428.1,166,23.58,87.27,0.208,6.00,-124.03,10.00,5.19,6.00,-124.03,10.00,-5.61,10.80,-121.97,10.00,0.04
On_Kol.stl,0.0000,-1.0000,0.0000,21.00,303.7,128,22.30,22.30,0.611,6.00,7.75,-21.00,0.25,6.00,0.15,-21.00,-7.75,11.03,-0.00,-21.00,-0.36
On_Kol.stl,-0.3905,0.6126,-0.6872,37.75,261.8,4,19.53,35.32,0.380,6.00,-31.49,23.96,-15.69,6.00,-38.85,19.49,-15.48,8.62,-41.69,18.42,-14.83
On_Kol.stl,-0.3905,-0.6126,-0.6872,37.75,261.8,4,19.53,35.32,0.380,6.00,-31.49,-24.01,-15.64,6.00,-38.85,-19.84,-15.17,8.48,-41.69,-18.42,-14.83
On_Kol.stl,-0.3905,0.6126,0.6872,37.75,261.8,4,19.53,35.32,0.380,6.00,-31.49,24.01,15.64,6.00,-38.85,19.84,15.17,8.48,-41.69,18.42,14.83
On_Kol.stl,-0.3905,-0.6126,0.6872,37.75,261.8,4,19.53,35.32,0.380,6.00,-31.49,-23.96,15.69,6.00,-38.85,-19.49,15.48,8.62,-41.69,-18.42,14.83
On_Kol.stl,0.0000,1.0000,0.0000,28.00,541.0,338,30.00,57.70,0.313,5.60,-0.35,28.00,-12.60,5.20,12.25,28.00,0.80,18.39,-9.18,28.00,-0.27
On_Kol.stl,0.7073,0.7069,0.0000,-30.23,156.7,2,37.11,4.24,0.995,4.80,-29.20,-13.55,16.15,4.80,-29.20,-13.55,9.75,6.40,-29.00,-13.75,0.03
On_Kol.stl,-0.7060,-0.7082,0.0000,50.50,61.9,6,17.72,4.26,0.820,4.80,-63.20,-8.31,-3.26,4.80,-63.20,-8.31,3.14,6.40,-63.01,-8.50,0.18
On_Kol.stl,-0.7060,0.7082,0.0000,50.50,61.9,6,17.72,4.26,0.820,4.80,-63.20,8.31,3.26,4.80,-63.20,8.31,-3.14,6.40,-63.01,8.50,-0.18
On_Kol.stl,0.7069,-0.7073,0.0000,-30.23,72.1,16,37.11,4.24,0.458,4.80,-29.20,13.55,-16.15,4.80,-29.20,13.55,12.25,28.40,-30.02,12.73,0.00
On_Kol.stl,0.0000,-1.0000,0.0000,10.00,319.1,144,23.58,87.27,0.155,4.40,-134.83,-10.00,0.01,4.40,-136.83,-10.00,5.61,5.95,-125.04,-10.00,0.15
Bilek.stl,-1.0000,0.0005,0.0000,21.50,474.5,79,17.00,32.00,0.872,17.20,-21.51,-4.60,-0.10,4.80,-21.50,13.20,0.50,17.81,-21.50,7.28,0.00
Bilek.stl,0.0000,0.0007,1.0000,-6.00,243.4,9,22.00,12.47,0.887,11.60,15.70,-3.30,-6.00,7.20,17.90,9.70,-6.01,13.18,14.31,-5.79,-6.00
Bilek.stl,0.0000,0.0007,-1.0000,-6.00,243.4,9,22.00,12.47,0.887,11.60,15.70,7.10,6.01,7.20,17.90,-5.90,6.00,13.18,14.31,-5.79,6.00
Bilek.stl,-0.0000,1.0000,-0.0000,-9.88,471.7,66,25.00,28.52,0.662,11.60,15.70,-9.88,-0.10,10.40,1.10,-9.88,-7.90,16.55,3.80,-9.88,-0.50
Bilek.stl,1.0000,0.0010,0.0000,-10.49,557.4,88,25.00,26.52,0.841,11.20,-10.49,-1.20,-6.90,10.40,-10.49,-0.40,7.50,14.42,-10.50,8.79,-0.00
Bilek.stl,0.0000,-1.0000,0.0000,-13.40,107.0,22,11.00,11.00,0.884,9.20,16.90,13.40,-0.90,0.00,0.00,0.00,0.00,0.00,14.97,13.40,-0.04
Bilek.stl,0.0000,0.0007,1.0000,12.49,475.6,34,24.48,35.00,0.555,8.00,13.50,-12.00,12.50,8.00,-13.70,-12.00,12.50,27.20,0.11,-7.91,12.50
Bilek.stl,0.0000,0.0007,-1.0000,12.49,475.6,34,24.48,35.00,0.555,8.00,13.50,-11.92,-12.50,8.00,-13.70,-12.32,-12.50,27.20,0.11,-7.91,-12.50
Bilek.stl,-1.0000,0.0005,0.0000,-10.49,305.7,50,25.00,25.86,0.473,6.80,10.50,7.14,-9.30,6.80,10.50,6.34,9.10,18.42,10.50,11.88,0.00
Bilek.stl,1.0000,0.0010,0.0000,21.51,268.7,116,17.00,34.40,0.460,6.80,21.52,-13.00,-5.10,6.80,21.52,-13.00,4.50,9.60,21.50,6.02,-0.12
Bilek.stl,-1.0000,0.0005,0.0000,-12.49,38.8,8,6.00,6.59,0.982,6.40,12.50,16.39,-0.20,0.00,0.00,0.00,0.00,0.00,12.50,17.99,-0.11
Bilek.stl,0.0000,-1.0000,0.0000,20.00,427.6,42,17.00,35.00,0.719,6.40,14.30,-20.00,-5.30,6.40,14.30,-20.00,5.50,10.80,0.89,-20.00,-0.13
Bilek.stl,0.0000,-0.7064,-0.7078,20.15,209.3,4,5.66,39.00,0.949,6.00,14.50,-18.12,-10.38,6.00,6.50,-18.12,-10.38,8.00,0.00,-18.00,-10.50
Bilek.stl,0.0000,-0.7064,0.7078,20.15,209.3,4,5.66,39.00,0.949,6.00,14.50,-17.88,10.62,6.00,6.50,-17.88,10.62,8.00,0.00,-18.00,10.50
Bilek.stl,0.7079,0.0025,0.7063,21.21,146.3,6,27.45,5.72,0.932,6.00,19.40,-13.00,10.63,6.00,19.40,-5.00,10.60,8.00,19.39,-0.09,10.59
Bilek.stl,-0.7078,0.0025,-0.7064,21.21,146.4,6,27.45,5.72,0.933,6.00,-19.60,5.25,-10.36,6.00,-19.60,-2.75,-10.39,8.00,-19.39,-0.09,-10.59
Bilek.stl,0.7079,0.0025,-0.7063,21.21,146.3,6,27.45,5.72,0.932,6.00,19.40,5.25,-10.57,6.00,19.40,-2.75,-10.59,8.00,19.39,-0.09,-10.59
Bilek.stl,-0.7078,0.0025,0.7064,21.21,146.4,6,27.45,5.72,0.933,6.00,-19.60,-13.00,10.43,6.00,-19.60,-5.00,10.40,8.00,-19.39,-0.09,10.59
Bilek.stl,-0.7071,-0.7071,0.0000,26.52,107.5,4,21.00,5.66,0.905,6.00,-19.62,-17.88,-5.50,6.00,-19.62,-17.88,2.50,8.00,-19.50,-18.00,0.00
Bilek.stl,0.7071,-0.7071,0.0000,26.52,107.5,4,21.00,5.66,0.905,6.00,19.38,-18.12,-5.50,6.00,19.38,-18.12,2.50,8.00,19.50,-18.00,0.00
Bilek.stl,0.0000,-1.0000,0.0000,17.00,136.2,128,7.00,31.98,0.608,5.20,4.99,-17.00,-0.10,5.20,-5.41,-17.00,-0.10,10.40,-0.26,-17.00,-0.03
Bilek.stl,0.1127,0.0013,0.9936,-3.56,41.8,2,3.00,13.92,0.999,3.60,-2.17,-18.20,-3.32,3.20,-6.74,-18.40,-2.80,4.60,-7.29,-18.50,-2.73
Bilek.stl,-0.1144,0.0000,0.9934,-3.55,41.8,2,3.00,13.92,1.000,3.60,5.27,-18.20,-2.97,3.20,12.62,-18.40,-2.12,7.40,7.29,-18.50,-2.73
Bilek.stl,-0.1144,0.0000,-0.9934,-3.55,41.8,2,3.00,13.92,1.000,3.60,12.42,-18.80,2.14,3.20,7.85,-18.60,2.67,4.60,7.29,-18.50,2.73
Bilek.stl,0.1128,0.0009,-0.9936,-3.56,41.8,2,3.00,13.92,1.000,3.60,-9.32,-18.80,2.50,3.20,-1.97,-18.60,3.34,7.40,-7.29,-18.50,2.73
Bilek.stl,0.0000,0.7330,-0.6802,17.96,41.1,12,3.02,35.00,0.389,3.60,12.10,16.43,-8.70,3.20,-12.10,16.56,-8.56,24.20,0.00,16.64,-8.48
Bilek.stl,0.0000,0.7338,0.6794,17.97,41.1,12,3.02,35.00,0.389,3.60,15.70,16.82,8.28,3.60,-12.30,16.82,8.28,28.00,0.00,16.64,8.48
Bilek.stl,0.0004,0.9358,0.3526,19.39,36.9,27,3.01,39.00,0.314,3.60,-12.30,19.20,4.04,2.80,16.10,19.19,4.04,28.40,8.55,19.12,4.25
Bilek.stl,0.0000,0.5606,-0.8281,16.67,41.1,12,2.99,35.00,0.393,3.20,15.90,14.32,-10.44,3.20,11.90,14.32,-10.44,4.00,0.00,14.41,-10.37
Bilek.stl,-0.0000,0.5605,0.8281,16.67,41.1,12,2.99,35.00,0.393,3.20,15.90,14.49,10.32,3.20,11.90,14.49,10.32,4.00,0.00,14.41,10.37
Bilek.stl,0.0003,0.9360,-0.3521,19.39,36.8,27,3.01,39.00,0.314,3.20,-12.10,19.07,-4.41,3.20,-16.10,19.07,-4.41,4.00,8.83,19.10,-4.29
Bilek.stl,0.0000,0.1836,0.9830,13.84,41.1,12,2.95,35.00,0.399,3.20,15.90,10.05,12.20,3.20,11.90,10.05,12.20,4.00,0.00,9.93,12.23
Bilek.stl,0.0000,0.1836,-0.9830,13.84,41.1,12,2.95,35.00,0.399,3.20,15.90,9.80,-12.25,3.20,11.90,9.80,-12.25,4.00,0.00,9.93,-12.23
El.stl,0.0000,0.0000,1.0000,3.00,2132.2,258,48.28,50.00,0.883,36.00,-1.00,0.26,3.00,0.00,0.00,0.00,0.00,0.00,2.53,-0.90,3.00
El.stl,0.0000,0.0000,-1.0000,0.00,2132.2,258,48.28,50.00,0.883,36.00,-1.00,-0.26,0.00,0.00,0.00,0.00,0.00,0.00,2.53,-0.90,0.00
El.stl,-1.0000,0.0000,0.0000,24.99,105.8,6,3.00,35.26,1.000,3.60,-24.99,15.83,1.20,3.60,-24.99,11.03,1.20,4.80,-24.99,0.00,1.50
El.stl,0.0002,-1.0000,0.0000,24.13,78.2,6,3.00,26.08,1.000,3.60,5.79,-24.13,1.80,3.60,0.99,-24.13,1.80,4.80,-5.55,-24.13,1.50
El.stl,0.0002,1.0000,0.0000,24.13,78.2,6,3.00,26.08,1.000,3.60,5.79,24.13,1.20,3.60,0.99,24.13,1.20,4.80,-5.55,24.13,1.50
El.stl,1.0000,0.0000,0.0000,24.99,40.4,6,3.00,13.46,1.000,3.60,24.99,4.93,1.80,3.60,24.99,0.13,1.80,4.80,24.99,0.00,1.50
El.stl,0.7071,-0.7071,0.0000,24.74,40.4,6,3.00,13.46,1.000,3.60,21.41,-13.58,1.80,3.60,18.01,-16.97,1.80,4.80,17.92,-17.06,1.50
El.stl,0.7071,0.7071,0.0000,24.74,40.4,6,3.00,13.46,1.000,3.60,21.41,13.58,1.20,3.60,18.01,16.97,1.20,4.80,17.92,17.06,1.50
El_Ust.stl,0.0000,0.0000,-1.0000,0.00,1859.0,256,48.28,50.00,0.770,23.20,-13.80,5.74,-0.00,13.20,18.40,-0.06,0.00,32.72,7.26,-0.42,0.00
El_Ust.stl,0.0000,0.0000,1.0000,3.00,1514.9,249,48.28,50.00,0.628,22.80,-13.60,5.66,3.00,13.20,18.40,0.06,3.00,32.49,8.15,-0.37,3.00
El_Ust.stl,-1.0000,0.0000,0.0000,20.70,261.1,58,12.00,44.88,0.485,12.40,-20.70,-15.36,8.80,5.20,-20.70,19.84,12.40,35.38,-20.70,4.94,8.83
El_Ust.stl,0.0000,0.0000,1.0000,15.00,215.0,82,48.28,9.00,0.495,9.60,-16.50,-13.74,15.00,4.00,-19.30,18.66,15.00,32.52,-16.56,-0.41,15.00
El_Ust.stl,-0.0011,1.0000,0.0000,-5.88,118.1,3,12.00,13.50,0.729,9.60,-16.40,-5.90,10.20,0.80,-8.00,-5.89,3.00,11.06,-15.20,-5.90,8.50
El_Ust.stl,-0.0011,-1.0000,0.0000,-16.58,118.1,3,12.00,13.50,0.729,9.60,-16.40,16.60,7.80,0.80,-8.00,16.59,3.40,9.48,-15.20,16.60,8.50
El_Ust.stl,1.0000,0.0000,0.0000,-11.70,185.9,58,7.50,48.28,0.513,8.00,-11.70,-13.46,11.50,5.20,-11.70,21.54,12.50,35.01,-11.70,4.16,9.76
El_Ust.stl,-0.0011,1.0000,0.0000,24.14,154.8,9,15.00,25.08,0.412,7.20,-14.41,24.13,3.00,6.00,-14.61,24.13,12.00,9.00,-7.52,24.13,4.94
El_Ust.stl,-0.0011,-1.0000,0.0000,24.14,154.8,9,15.00,25.08,0.412,7.20,-14.41,-24.13,3.60,6.00,-14.61,-24.13,12.60,9.00,-7.52,-24.13,4.67
El_Ust.stl,0.7071,0.0000,0.7071,-2.97,164.1,5,48.28,6.36,0.534,6.80,-9.60,-20.74,5.40,6.80,-9.60,-11.94,5.40,8.80,-9.60,-1.26,5.40
El_Ust.stl,-0.0011,1.0000,0.0000,-11.25,36.0,2,3.00,12.00,1.000,3.60,8.20,-11.25,1.20,3.60,3.40,-11.25,1.20,4.80,4.00,-11.25,1.50
El_Ust.stl,-0.0011,-1.0000,0.0000,-11.25,36.0,2,3.00,12.00,1.000,3.60,8.20,11.25,1.80,3.60,3.40,11.25,1.80,4.80,4.00,11.25,1.50
El_Ust.stl,-1.0000,0.0000,0.0000,-10.00,67.5,2,3.00,22.50,1.000,3.60,10.00,9.45,1.20,3.60,10.00,4.65,1.20,4.80,10.00,0.00,1.50
El_Ust.stl,-1.0000,0.0000,0.0000,24.99,99.8,6,3.00,33.26,1.000,3.60,-24.99,14.83,1.20,3.60,-24.99,10.03,1.20,4.80,-24.99,0.00,1.50
El_Ust.stl,1.0000,0.0000,0.0000,-2.00,67.5,2,3.00,22.50,1.000,3.60,-2.00,9.45,1.80,3.60,-2.00,4.65,1.80,4.80,-2.00,0.00,1.50
El_Ust.stl,1.0000,0.0000,0.0000,24.99,40.4,6,3.00,13.46,1.000,3.60,24.99,4.93,1.80,3.60,24.99,0.13,1.80,4.80,24.99,0.00,1.50
El_Ust.stl,0.7071,-0.7071,0.0000,24.74,40.4,6,3.00,13.46,1.000,3.60,21.41,-13.58,1.80,3.60,18.01,-16.97,1.80,4.80,17.92,-17.06,1.50
El_Ust.stl,0.7071,0.7071,0.0000,24.74,40.4,6,3.00,13.46,1.000,3.60,21.41,13.58,1.20,3.60,18.01,16.97,1.20,4.80,17.92,17.06,1.50
Parmak_2 X 2.stl,0.0000,0.0000,1.0000,5.00,601.4,111,26.21,59.86,0.383,10.40,24.07,0.20,5.00,10.40,9.27,0.20,5.00,14.80,11.99,1.77,5.00
Parmak_2 X 2.stl,0.0000,0.0000,-1.0000,0.00,601.4,111,26.21,59.86,0.383,10.40,22.87,-0.39,0.00,10.40,9.27,-0.39,0.00,13.60,11.99,1.77,0.00
Parmak_2 X 2.stl,0.7072,-0.7070,0.0000,24.79,165.7,4,5.00,33.15,1.000,5.20,52.73,17.67,2.60,5.20,47.92,12.87,2.60,6.80,37.19,2.13,2.50
Parmak_2 X 2.stl,-0.0003,-1.0000,0.0000,4.98,145.9,6,5.00,29.19,1.000,5.20,25.96,-4.99,2.60,5.20,19.16,-4.99,2.60,6.80,13.99,-4.99,2.50
Parmak_2 X 2.stl,-0.0010,1.0000,0.0000,4.98,132.8,4,5.00,26.56,1.000,5.20,23.33,5.01,2.40,5.20,16.53,5.00,2.40,6.80,6.33,4.99,2.50
Parmak_2 X 2.stl,-0.0010,1.0000,0.0000,21.16,56.6,2,5.00,11.31,1.000,5.20,51.27,21.22,2.40,4.80,44.67,21.21,2.60,6.60,48.21,21.21,2.50
Parmak_2 X 2.stl,-0.7087,0.7055,0.0000,-14.88,112.6,2,5.00,22.51,1.000,5.20,40.00,19.10,2.40,5.20,35.20,14.28,2.40,6.80,33.89,12.96,2.50
